{
  "code": 0,
  "msg": "\u6210\u529f",
  "result": {
    "functions": [
      {
        "name": "\u683c\u4e0a\u7cbe\u9009",
        "pic": "selected",
        "link": "/licai/simu/featured_product"
      },
      {
        "name": "\u5dc5\u5cf0\u699c",
        "pic": "toplist",
        "link": "/licai/top_list"
      },
      {
        "name": "\u6536\u76ca\u6392\u884c",
        "pic": "profit_rank",
        "link": "/licai/simu/product_list"
      },
      {
        "name": "\u4f18\u8d28\u5728\u552e",
        "pic": "platform",
        "link": "/licai/platform"
      },
      {
        "name": "\u9633\u5149\u79c1\u52df",
        "pic": "yangguang",
        "link": "/licai/simu"
      },
      {
        "name": "\u79c1\u52df\u80a1\u6743",
        "pic": "guquan",
        "link": "/licai/pe"
      },
      {
        "name": "\u7c7b\u56fa\u6536",
        "pic": "quasi_fixed",
        "link": "/licai/quasi_fixed"
      },
      {
        "name": "\u683c\u4e0a\u7814\u7a76",
        "pic": "research",
        "link": "/licai/research"
      }
    ],
    "middles": [],
    "themes": [],
    "others": {},
    "hottopic": {},
    "bottom": [],
    "homelist": [
      {
        "section": "FOF",
        "topic": "\u683c\u4e0aFOF",
        "sub_topic": "4\u5e74\u5386\u53f2\u4e1a\u7ee9 \u5386\u7ecf\u5e02\u573a\u8003\u9a8c(\u6536\u76ca\u4ec5\u4f9b\u53c2\u8003)",
        "next_url": "/licai/fof",
        "contents": [
          {
            "title": "",
            "index_name": "simu",
            "product_id": "P129887",
            "product_name": "\u91d1\u6a1f\u6295\u8d44\u7cbe\u82f1\u7ec4\u5408",
            "product_abbr_name": "",
            "comment_1": "\u5e03\u5c40\u65b0\u5174\u884c\u4e1a\uff0c\u5206\u4eab\u65b0\u7ecf\u6d4e\u7ea2\u5229\uff01",
            "comment_2": "",
            "internal_comment": "",
            "label": "\u70ed\u95e8FOF",
            "fof_type": "VC FOF",
            "type_id": "",
            "type": "",
            "type_url": "",
            "replace_str": "",
            "investment_strategy": "\u7ec4\u5408\u57fa\u91d1",
            "next_url": "/licai/pe/detail?product_id=P129887",
            "pc_url": "/simu/product/P129887.html",
            "img_url": "",
            "is_hotsell_tag": false,
            "is_chosen_tag": true,
            "manager_pic": "https://licaipic.gstianfu.com/jinghui.jpg",
            "product_data": [
              { "name": "\u7d2f\u8ba1\u6536\u76ca", "data": "28.23%" },
              { "name": "\u5e74\u5316\u6536\u76ca", "data": "14.30%" }
            ]
          },
          {
            "title": "",
            "index_name": "simu",
            "product_id": "P076614",
            "product_name": "\u91d1\u6a1f\u521b\u5bcc",
            "product_abbr_name": "",
            "comment_1": "\u6c47\u805a\u4e00\u7ebf\u5927\u724c\u79c1\u52df\uff0c\u83b7\u53d6\u7a33\u5065\u6536\u76ca\uff01",
            "comment_2": "",
            "internal_comment": "",
            "label": "\u70ed\u95e8FOF",
            "fof_type": "\u7ec4\u5408\u57fa\u91d1",
            "type_id": "",
            "type": "",
            "type_url": "",
            "replace_str": "",
            "investment_strategy": "\u5b8f\u89c2\u5bf9\u51b2",
            "next_url": "/licai/pe/detail?product_id=P076614",
            "pc_url": "/simu/product/P076614.html",
            "img_url": "",
            "is_hotsell_tag": false,
            "is_chosen_tag": false,
            "manager_pic": "https://licaipic.gstianfu.com/jinghui.jpg",
            "product_data": [
              { "name": "\u7d2f\u8ba1\u6536\u76ca", "data": "7.76%" },
              { "name": "\u5e74\u5316\u6536\u76ca", "data": "3.55%" }
            ]
          },
          {
            "title": "",
            "index_name": "simu",
            "product_id": "P076756",
            "product_name": "\u91d1\u6a1f\u946b\u5b89",
            "product_abbr_name": "",
            "comment_1": "\u4e09\u91cd\u6765\u6e90\u6210\u5c31\u7a33\u5065\u6536\u76ca\uff0c\u65e0\u60e7\u6ce2\u52a8\u6536\u76ca\u6301\u7eed\u6500\u5347",
            "comment_2": "",
            "internal_comment": "",
            "label": "\u70ed\u95e8FOF",
            "fof_type": "\u7a33\u5065FOF",
            "type_id": "",
            "type": "",
            "type_url": "",
            "replace_str": "",
            "investment_strategy": "\u590d\u5408\u7b56\u7565",
            "next_url": "/licai/pe/detail?product_id=P076756",
            "pc_url": "/simu/product/P076756.html",
            "img_url": "",
            "is_hotsell_tag": false,
            "is_chosen_tag": false,
            "manager_pic": "https://licaipic.gstianfu.com/jinghui.jpg",
            "product_data": [
              { "name": "\u7d2f\u8ba1\u6536\u76ca", "data": "32.78%" },
              { "name": "\u5e74\u5316\u6536\u76ca", "data": "10.19%" }
            ]
          }
        ]
      },
      {
        "section": "product",
        "topic": "\u4f18\u8d28\u5728\u552e",
        "sub_topic": "\u4f18\u8d28\u4ea7\u54c1\u96c6\u7ed3",
        "next_url": "/licai/platform",
        "contents": [
          {
            "product_id": "P140146",
            "rank": "2133/9768",
            "annualized_rr_since_start": "37.91",
            "rr_since_start": "50.03",
            "rr_last_1_month": "",
            "rr_in_single_month": "14.62",
            "rr_in_three_month": "22.56",
            "rr_in_six_month": "37.84",
            "rr_in_single_year": "41.90",
            "rr_in_three_year": "",
            "rr_in_five_year": "",
            "rr_since_this_year": "35.96",
            "rr_last_1_year": "",
            "rr_last_2_year": "",
            "rr_last_3_year": "",
            "rr_last_4_year": "",
            "rr_last_5_year": "",
            "rr_last_6_year": "",
            "rr_last_7_year": "",
            "rr_last_8_year": "",
            "rr_last_9_year": "",
            "rr_last_10_year": "",
            "product_code": "P140146",
            "product_class": "\u9633\u5149\u79c1\u52df",
            "subscribe_threshold": "100",
            "subscribe_threshold_unit": "\u4e07\u5143",
            "is_platform": false,
            "contract_type": "electronic",
            "product_abbr_name": "\u542f\u6797\u6b63\u5174\u4e1c\u7ee31\u53f7",
            "product_full_name": "\u542f\u6797\u6b63\u5174\u4e1c\u7ee31\u53f7\u79c1\u52df\u8bc1\u5238\u6295\u8d44\u57fa\u91d1",
            "establishment_date": "2019-03-22",
            "product_status": "\u6b63\u5728\u8fd0\u884c",
            "investment_strategy_1": "\u80a1\u7968\u578b",
            "investment_strategy_2": "\u91cf\u5316\u80a1\u7968\u591a\u5934",
            "grade": 0,
            "is_show_nv": "1",
            "rank_since_start": "2133/9768",
            "openday_info": {
              "open_days": "06\u670830\u65e5, 07\u670831\u65e5",
              "latest_payment_date": "06\u670829\u65e5 12:00",
              "latest_payment_name": "\u672c\u671f"
            },
            "trading_date": "06-19",
            "unit_nv": "1.1160",
            "nv_unit": "1",
            "rehabilitation_nv": 1.4928,
            "company_code": "C00022449",
            "company_abbr_name": "\u542f\u6797\u6295\u8d44",
            "company_full_name": "\u4e0a\u6d77\u542f\u6797\u6295\u8d44\u7ba1\u7406\u6709\u9650\u516c\u53f8",
            "is_show_company": 1,
            "is_hotsell_tag": true,
            "is_chosen_tag": true,
            "is_appointment": true,
            "appointment_time": {
              "start_time": "1979-03-14 00:00:00",
              "end_time": "2500-01-01 23:59:59"
            },
            "hotsell_timestamp": "1591090248.6268167",
            "company_id": "C00022449",
            "manager_id": "M00011800",
            "manager_name": "\u6c88\u663e\u5175",
            "manager_phonetic": "ShenXianBing0",
            "profit_rate": "50.03%",
            "pah_unit": "\u7d2f\u8ba1\u6536\u76ca",
            "nv_desimal": 4,
            "risk": {},
            "managers": [
              {
                "manager_id": "M00011800",
                "manager_name": "\u6c88\u663e\u5175",
                "manager_code": "M00011800"
              }
            ],
            "internal_comment": "\u6210\u957f\u6027\u7a81\u51fa\uff0c\u6d41\u6c34\u7ebf\u4f5c\u4e1a\uff0c\u64c5\u957f\u9ad8\u9891\u4ef7\u91cf\u56e0\u5b50\u3002",
            "index_name": "simu",
            "risk_indicator": "1.69",
            "max_drawdown": "1.69",
            "title": "\u6c88\u663e\u5175-\u542f\u6797\u6295\u8d44-\u542f\u6797\u6b63\u5174\u4e1c\u7ee31\u53f7",
            "column3_name": "\u590f\u666e\u6bd4\u7387",
            "column_info": [
              { "name": "\u5355\u4f4d\u51c0\u503c(06-19)", "value": "1.1160" },
              { "name": "\u8fd1\u534a\u5e74\u6536\u76ca", "value": "37.84%" },
              { "name": "\u8fd1\u4e09\u6708\u6536\u76ca", "value": "22.56%" }
            ],
            "detail_prefix": "/licai/simu/detail?product_id=P140146",
            "appoint_status": 1,
            "is_favorite": false,
            "top_index": 1
          },
          {
            "product_id": "P184893",
            "rank": "116/10219",
            "annualized_rr_since_start": "",
            "rr_since_start": "124.00",
            "rr_last_1_month": "",
            "rr_in_single_month": "18.46",
            "rr_in_three_month": "40.97",
            "rr_in_six_month": "68.67",
            "rr_in_single_year": "124.00",
            "rr_in_three_year": "",
            "rr_in_five_year": "",
            "rr_since_this_year": "61.27",
            "rr_last_1_year": "",
            "rr_last_2_year": "",
            "rr_last_3_year": "",
            "rr_last_4_year": "",
            "rr_last_5_year": "",
            "rr_last_6_year": "",
            "rr_last_7_year": "",
            "rr_last_8_year": "",
            "rr_last_9_year": "",
            "rr_last_10_year": "",
            "product_code": "P184893",
            "product_class": "\u9633\u5149\u79c1\u52df",
            "subscribe_threshold": "100",
            "subscribe_threshold_unit": "\u4e07\u5143",
            "is_platform": true,
            "contract_type": "paper",
            "product_abbr_name": "\u805a\u9e23\u533b\u836f\u521b\u65b02\u53f7",
            "product_full_name": "\u805a\u9e23\u533b\u836f\u521b\u65b02\u53f7\u79c1\u52df\u8bc1\u5238\u6295\u8d44\u57fa\u91d1",
            "establishment_date": "2019-07-22",
            "product_status": "\u6b63\u5728\u8fd0\u884c",
            "investment_strategy_1": "\u80a1\u7968\u578b",
            "investment_strategy_2": "\u4e3b\u89c2\u80a1\u7968\u591a\u5934",
            "grade": 0,
            "is_show_nv": "1",
            "rank_since_start": "116/10219",
            "openday_info": {
              "open_days": "07\u670801\u65e5, 07\u670814\u65e5",
              "latest_payment_date": "06\u670830\u65e5 12:00",
              "latest_payment_name": "\u672c\u671f"
            },
            "trading_date": "06-19",
            "unit_nv": "2.2400",
            "nv_unit": "1",
            "rehabilitation_nv": 2.24,
            "company_code": "C00021574",
            "company_abbr_name": "\u805a\u9e23\u6295\u8d44",
            "company_full_name": "\u4e0a\u6d77\u805a\u9e23\u6295\u8d44\u7ba1\u7406\u6709\u9650\u516c\u53f8",
            "is_show_company": 1,
            "is_hotsell_tag": false,
            "is_chosen_tag": false,
            "is_appointment": true,
            "appointment_time": {
              "start_time": "1979-03-14 00:00:00",
              "end_time": "2500-01-01 23:59:59"
            },
            "hotsell_timestamp": "",
            "company_id": "C00021574",
            "manager_id": "M00026640",
            "manager_name": "\u738b\u5e7f\u7fa4",
            "manager_phonetic": "WangGuangQun0",
            "profit_rate": "124.00%",
            "pah_unit": "\u7d2f\u8ba1\u6536\u76ca",
            "nv_desimal": 4,
            "risk": {},
            "managers": [
              {
                "manager_id": "M00026640",
                "manager_name": "\u738b\u5e7f\u7fa4",
                "manager_code": "M00026640"
              }
            ],
            "internal_comment": "",
            "index_name": "simu",
            "risk_indicator": "3.09",
            "max_drawdown": "3.09",
            "title": "\u738b\u5e7f\u7fa4-\u805a\u9e23\u6295\u8d44-\u805a\u9e23\u533b\u836f\u521b\u65b02\u53f7",
            "column3_name": "\u590f\u666e\u6bd4\u7387",
            "column_info": [
              { "name": "\u5355\u4f4d\u51c0\u503c(06-19)", "value": "2.2400" },
              { "name": "\u8fd1\u534a\u5e74\u6536\u76ca", "value": "68.67%" },
              { "name": "\u8fd1\u4e09\u6708\u6536\u76ca", "value": "40.97%" }
            ],
            "detail_prefix": "/licai/simu/detail?product_id=P184893",
            "appoint_status": 1,
            "is_favorite": false,
            "top_index": 2
          }
        ]
      },
      {
        "section": "video",
        "topic": "\u70ed\u95e8\u89c6\u9891",
        "sub_topic": "\u660e\u661f\u79c1\u52df\u9762\u5bf9\u9762",
        "next_url": "/licai/video",
        "contents": [
          {
            "content_id": 415336,
            "sCatogoryName": "\u673a\u6784\u8def\u6f14",
            "isAuthorize": true,
            "publish_date": "2020-06-22",
            "title": "[\u683c\u5c40\u4f1a\u5ba2\u5ba4]\u4ee5\u53f2\u4e3a\u9274\uff0c\u804a\u804a\u4e2d\u7f8e\u8d38\u6613\u6218\uff08\u4e0b\uff09",
            "pic": "https://files.licai.com/news/pictures/2020-06-22/\u5fae\u4fe1\u56fe\u7247_20200622102805.jpg",
            "scanTimes": 1468,
            "is_live": false,
            "media_time": "00:24:48",
            "media_start_time": "2020-06-22 19:30:00",
            "will_watch_number": 1000,
            "next_url": "/licai/post/415336"
          },
          {
            "content_id": 415317,
            "sCatogoryName": "\u673a\u6784\u8def\u6f14",
            "isAuthorize": true,
            "publish_date": "2020-06-16",
            "title": "\u4e0d\u754f\u98ce\u6d6a\u8d77\uff0c\u4ee5\u7a33\u6b65\u9ad8\u697c \u683c\u4e0a\u8d22\u5bcc2020\u5e74\u4e2d\u7b56\u7565\u4f1a",
            "pic": "https://files.licai.com/news/pictures/2020-06-16/\u5fae\u4fe1\u56fe\u7247_20200616181226.jpg",
            "scanTimes": 2834,
            "is_live": false,
            "media_time": "02:07:00",
            "media_start_time": "2020-06-20 19:30:00",
            "will_watch_number": 1000,
            "next_url": "/licai/post/415317"
          },
          {
            "content_id": 415306,
            "sCatogoryName": "\u673a\u6784\u8def\u6f14",
            "isAuthorize": true,
            "publish_date": "2020-06-15",
            "title": "\u8d44\u4ea7\u8bc1\u5238\u5316\u4e2d\u7684\u660e\u661f\u4ea7\u54c1\u2014\u2014CMBS",
            "pic": "https://files.licai.com/news/pictures/2020-06-15/0200615131946.jpg",
            "scanTimes": 2645,
            "is_live": false,
            "media_time": "00:31:23",
            "media_start_time": "2020-06-15 19:30:00",
            "will_watch_number": 1000,
            "next_url": "/licai/post/415306"
          }
        ]
      },
      {
        "section": "selected",
        "topic": "\u70ed\u95e8\u4e13\u9898",
        "sub_topic": "\u4f18\u79c0\u4ea7\u54c1\u6df1\u5ea6\u89e3\u6790",
        "next_url": "/licai/hot_topic",
        "contents": [
          {
            "content_id": 415118,
            "sCatogoryName": "\u9633\u5149\u79c1\u52df",
            "isAuthorize": true,
            "publish_date": "2020-05-08",
            "title": "\u91d1\u6a1f\u91d1\u77f32\u53f7\u79c1\u52df\u8bc1\u5238\u6295\u8d44\u57fa\u91d1",
            "related_pid": "P191776",
            "related_pname": "\u91d1\u6a1f\u91d1\u77f32\u53f7",
            "pic": "https://files.licai.com/news/pictures/2020-05-09/20200509.jpg",
            "next_url": "/licai/post/415118"
          },
          {
            "content_id": 412832,
            "sCatogoryName": "\u9633\u5149\u79c1\u52df",
            "isAuthorize": true,
            "publish_date": "2020-01-08",
            "title": "\u5bbd\u8fdc\u4ef7\u503c\u6210\u957f\u4e8c\u671f6\u53f7",
            "related_pid": "P080494",
            "related_pname": "\u5bbd\u8fdc\u4ef7\u503c\u6210\u957f\u4e8c\u671f6\u53f7",
            "pic": "https://files.licai.com/news/pictures/2020-01-08/\u5bbd\u8fdc\u4ef7\u503c\u6210\u957f\u4e8c\u671f\u79fb\u52a8.jpg",
            "next_url": "/licai/post/412832"
          },
          {
            "content_id": 411504,
            "sCatogoryName": "\u9633\u5149\u79c1\u52df",
            "isAuthorize": true,
            "publish_date": "2019-10-08",
            "title": "\u9ad8\u6bc5\u90bb\u5c711\u53f7\u8fdc\u671b24\u53f7",
            "related_pid": "P183292",
            "related_pname": "\u9ad8\u6bc5\u90bb\u5c711\u53f7\u8fdc\u671b24\u53f7",
            "pic": "https://files.licai.com/news/pictures/2019-10-08/\u9ad8\u6bc5\u90bb\u5c711\u53f7\u8fdc\u671b24\u53f7banner\u79fb\u52a8.jpg",
            "next_url": "/licai/post/411504"
          }
        ]
      },
      {
        "section": "research",
        "topic": "\u683c\u4e0a\u7814\u7a76",
        "sub_topic": "\u6df1\u5ea6\u8c03\u7814 \u4e13\u4e1a\u5256\u6790",
        "next_url": "/licai/research",
        "contents": [
          {
            "content_id": 415343,
            "sCatogoryName": "\u6bcf\u65e5\u6536\u8bc4",
            "isAuthorize": true,
            "publish_date": "2020-06-24",
            "title": "\u683c\u4e0a\u6bcf\u65e5\u6536\u8bc4\u20142020\u5e7406\u670824\u65e5",
            "subTitle": "",
            "summary": "\u4e0a\u8bc1\u6307\u6570\u6536\u6da80.30%\uff0c\u4e24\u5e02\u6210\u4ea4\u989d\u8d857000\u4ebf\u5143\u3002\u4eca\u5e74\u4ee5\u6765\u65b0\u57fa\u91d1\u53d1\u884c\u89c4\u6a21\u7a81\u78341\u4e07\u4ebf\uff0c\u5168\u5e74\u53d1\u884c\u603b\u89c4\u6a21\u6709\u671b\u5237\u65b0\u5386\u53f2\u8bb0\u5f55\uff0c\u539f\u56e0\u4e3a\u4f55\uff1f5\u53eaA\u80a1\u5c06\u88ab\u5916\u8d44\u4e70\u7206\uff0c\u539f\u56e0\u76d8\u70b9\u3002",
            "pic": "https://files.licai.com/news/pictures/2020-06-24/\u6bcf\u65e5\u6536\u8bc4.png",
            "scanTimes": 17,
            "next_url": "/licai/post/415343"
          },
          {
            "content_id": 415341,
            "sCatogoryName": "\u6bcf\u65e5\u6536\u8bc4",
            "isAuthorize": true,
            "publish_date": "2020-06-23",
            "title": "\u683c\u4e0a\u6bcf\u65e5\u6536\u8bc4\u20142020\u5e7406\u670823\u65e5",
            "subTitle": "",
            "summary": "\u521b\u4e1a\u677f\u6307\u5927\u6da81.67%\uff0c\u4e24\u5e02\u6210\u4ea4\u989d\u8d857500\u4ebf\u5143\u3002\u521b\u4e1a\u677f\u6ce8\u518c\u5236\u9996\u627932\u5bb6\u4f01\u4e1a\u51fa\u7089\uff0c\u677f\u5757\u4f30\u503c\u6709\u671b\u7ee7\u7eed\u63d0\u5347\u3002\u8fd1\u671f\u7f8e\u5143\u4e0b\u8dcc\uff0c\u539f\u56e0\u76d8\u70b9\u3002",
            "pic": "https://files.licai.com/news/pictures/2020-06-23/\u6bcf\u65e5\u6536\u8bc423.png",
            "scanTimes": 327,
            "next_url": "/licai/post/415341"
          },
          {
            "content_id": 415339,
            "sCatogoryName": "\u5927\u4f6c\u89c2\u70b9",
            "isAuthorize": true,
            "publish_date": "2020-06-22",
            "title": "\u3010\u673a\u6784\u4e13\u8bbf\u3011\u6e90\u4e50\u665f\uff1a\u590d\u82cf\u52a0\u901f\u540e\u7684\u884c\u4e1a\u6295\u8d44\u903b\u8f91",
            "subTitle": "",
            "summary": "",
            "pic": "https://files.licai.com/news/pictures/2020-06-22/\u5fae\u4fe1\u56fe\u7247_20200622174604.jpg",
            "scanTimes": 334,
            "next_url": "/licai/post/415339"
          }
        ]
      },
      {
        "section": "reading",
        "topic": "\u683c\u4e0a\u60a6\u8bfb",
        "sub_topic": "\u7545\u4eab\u601d\u60f3\u4e0e\u8d22\u5bcc\u7684\u76db\u5bb4",
        "next_url": "/licai/read",
        "contents": [
          {
            "content_id": 415337,
            "sCatogoryName": "\u8d22\u7ecf",
            "isAuthorize": true,
            "publish_date": "2020-06-22",
            "title": "\u5218\u9e64\u6700\u65b0\u6f14\u8bb2\u5168\u6587\uff08\u8d85\u9ad8\u4fe1\u606f\u91cf\uff09",
            "scanTimes": 395,
            "subTitle": "",
            "summary": "6\u670818\u65e5\uff0c\u7b2c\u5341\u4e8c\u5c4a\u9646\u5bb6\u5634\u8bba\u575b\u5728\u4e0a\u6d77\u5f00\u5e55\uff0c\u4ee5\u4e0b\u662f\u6f14\u8bb2\u5168\u6587\u3002",
            "media_time": "",
            "next_url": "/licai/post/415337"
          },
          {
            "content_id": 415321,
            "sCatogoryName": "\u8d22\u7ecf",
            "isAuthorize": true,
            "publish_date": "2020-06-18",
            "title": "\u91cd\u78c5\uff01\u4e07\u5b57\u957f\u6587\u900f\u89c6\u5927\u56fd\u5d1b\u8d77\u7684\u89c4\u5f8b\u548c\u5bbf\u547d",
            "scanTimes": 1139,
            "subTitle": "",
            "summary": "\u4e00\u4e2a\u56fd\u5bb6\u7684\u56fd\u9645\u5730\u4f4d\u603b\u662f\u4e0e\u5176\u7ecf\u6d4e\u5b9e\u529b\u6210\u6b63\u6bd4\u3002",
            "media_time": "",
            "next_url": "/licai/post/415321"
          },
          {
            "content_id": 415319,
            "sCatogoryName": "\u8d22\u7ecf",
            "isAuthorize": true,
            "publish_date": "2020-06-17",
            "title": "\u6c89\u9ed8\u7684\u516d\u6708\uff01",
            "scanTimes": 465,
            "subTitle": "",
            "summary": "6\u670813\u65e5\uff0c\u5927\u7f51\u7ea2\u7279\u6717\u666e\u5728\u897f\u70b9\u519b\u6821\u4e3e\u884c\u4e86\u4e00\u573a\u5149\u9c9c\u9753\u4e3d\u7684\u6f14\u8bb2\u3002\u4ed6\u7ad9\u5728\u5fae\u98ce\u91cc\u3001\u572819\u5ea6\u7684\u65e5\u5149\u4e0b\uff0c\u9a84\u50b2\u5730\u5ba3\u79f0\u7f8e\u56fd\u662f\u4eba\u7c7b\u5386\u53f2\u4e0a\u6700\u4f1f\u5927\u7684\u56fd\u5bb6\uff0c\u6bd5\u4e1a\u7684\u5b66\u5458\u4eec\u9646\u7eed\u4e0a\u524d\u5411\u4ed6\u656c\u793c\uff0c\u7279\u6717\u666e\u8fd8\u4e00\u4e00\u56de\u656c\u3002",
            "media_time": "",
            "next_url": "/licai/post/415319"
          }
        ]
      },
      { "section": "study" }
    ]
  }
}
